country,country_long,name,gppd_idnr,capacity_mw,latitude,longitude,primary_fuel,other_fuel1,other_fuel2,other_fuel3,commissioning_year,owner,source,url,geolocation_source,wepp_id,year_of_capacity_data,generation_gwh_2013,generation_gwh_2014,generation_gwh_2015,generation_gwh_2016,generation_gwh_2017,generation_gwh_2018,generation_gwh_2019,generation_data_source,estimated_generation_gwh_2013,estimated_generation_gwh_2014,estimated_generation_gwh_2015,estimated_generation_gwh_2016,estimated_generation_gwh_2017,estimated_generation_note_2013,estimated_generation_note_2014,estimated_generation_note_2015,estimated_generation_note_2016,estimated_generation_note_2017
ISR,Israel,Alon Tavor,WRI1008363,365.0,32.6339,35.3676,Gas,,,,,Israel Electric corporation,Israel Electric Corporation,https://www.iec.co.il/international/main.html#!/contents/67,GEODB,,,,,,,,,,,,,,,2320.25,NO-ESTIMATION,NO-ESTIMATION,NO-ESTIMATION,NO-ESTIMATION,CAPACITY-FACTOR-V1
ISR,Israel,Ashalim PV,WKS0071507,30.0,30.9530,34.6530,Solar,,,,,,Wiki-Solar,https://www.wiki-solar.org,Wiki-Solar,,,,,,,,,,,62.16,60.82,60.94,62.26,61.72,SOLAR-V1-NO-AGE,SOLAR-V1-NO-AGE,SOLAR-V1-NO-AGE,SOLAR-V1-NO-AGE,SOLAR-V1-NO-AGE
ISR,Israel,Ashalim Sun,WRI1061479,121.0,30.9634,34.7275,Solar,,,,2018.0,Bright Source Energy,General Electric,https://www.ge.com/content/dam/gepower-renewables/global/en_US/downloads/brochures/solar-csp-ashalim-gea32278.pdf,WRI,,,,,,,,,,,,,,,214.16,NO-ESTIMATION,NO-ESTIMATION,NO-ESTIMATION,NO-ESTIMATION,CAPACITY-FACTOR-V1
ISR,Israel,Ashgod Energy,WRI1061485,55.0,31.1472,34.7876,Gas,,,,2015.0,Edeltech,Edeltech,http://ges.co.il/project/ashdod-energy-55-mw-power-station/,WRI,1066855,,,,,,,,,,,,,,349.62,NO-ESTIMATION,NO-ESTIMATION,NO-ESTIMATION,NO-ESTIMATION,CAPACITY-FACTOR-V1
ISR,Israel,Atarot,WRI1008374,70.0,31.7820,35.2196,Gas,,,,1997.0,Israel Electric corporation,Israel Electric Corporation,https://web.archive.org/web/20131204111256/http:/www.israel-electric.co.il/bin/ibp.jsp?ibpDispWhat=zone&ibpDisplay=view&ibpPage=ENGProjects&ibpDispWho=GasTurbines&ibpZone=GasTurbines&,CARMA,1019849,,,,,,,,,,,,,,444.98,NO-ESTIMATION,NO-ESTIMATION,NO-ESTIMATION,NO-ESTIMATION,CAPACITY-FACTOR-V1
ISR,Israel,Bror Hayil Solar Power Plant,WRI1026453,8.7,31.5557,34.6545,Solar,,,,2013.0,Belectric GmbH,Belectric,http://www.belectric.com/en/solar-power-plants/projects/,WRI,,,,,,,,,,,,20.14,20.17,19.60,19.89,NO-ESTIMATION,SOLAR-V1,SOLAR-V1,SOLAR-V1,SOLAR-V1
ISR,Israel,Caesarea - Best Carton Solar Power Plant,WRI1026454,1.5,32.4723,34.9453,Solar,,,,2013.0,Energix Renewable Energies Limited,Energix,http://www.energix-group.com/Best-Carton/,WRI,1101290,,,,,,,,,,,2.85,2.96,2.88,2.63,NO-ESTIMATION,SOLAR-V1,SOLAR-V1,SOLAR-V1,SOLAR-V1
ISR,Israel,Dead Sea Works,WRI1061481,250.0,31.0303,35.3644,Gas,,,,2015.0,Dead Sea Works,TMNG,http://tmng.co.il/?project=dead-sea-works-power-plant,WRI,1013579,,,,,,,,,,,,,,1589.21,NO-ESTIMATION,NO-ESTIMATION,NO-ESTIMATION,NO-ESTIMATION,CAPACITY-FACTOR-V1
ISR,Israel,Dorad,WRI1008371,840.0,31.6358,34.5309,Gas,,,,2014.0,Dorad Energy Limited,Dorad Energy Limited,https://www.dorad.co.il/about/,WRI,1058111,,,,,,,,,,,,,,5339.77,NO-ESTIMATION,NO-ESTIMATION,NO-ESTIMATION,NO-ESTIMATION,CAPACITY-FACTOR-V1
ISR,Israel,Ein Evrona Solar Power Plant,WRI1026455,6.0,29.6240,34.9821,Solar,,,,2014.0,Solaer,Solaer,https://www.google.com/maps/d/embed?mid=1bXiXRcLRnBCUfpkHM2J5EVryhG4&ll=31.06035315253383%2C35.02284616406246&z=8,WRI,,,,,,,,,,,,,13.08,12.93,12.86,NO-ESTIMATION,NO-ESTIMATION,SOLAR-V1,SOLAR-V1,SOLAR-V1
ISR,Israel,Ein HaShlosha,WKS0061903,5.0,31.3225,34.5589,Solar,,,,,,Wiki-Solar,https://www.wiki-solar.org,Wiki-Solar,,,,,,,,,,,11.05,11.15,10.19,11.20,10.84,SOLAR-V1-NO-AGE,SOLAR-V1-NO-AGE,SOLAR-V1-NO-AGE,SOLAR-V1-NO-AGE,SOLAR-V1-NO-AGE
ISR,Israel,Eliat,WRI1008373,35.0,29.5611,34.9517,Gas,,,,1996.0,Israel Electric corporation,Israel Electric Corporation,https://web.archive.org/web/20131204111256/http:/www.israel-electric.co.il/bin/ibp.jsp?ibpDispWhat=zone&ibpDisplay=view&ibpPage=ENGProjects&ibpDispWho=GasTurbines&ibpZone=GasTurbines&,CARMA,,,,,,,,,,,,,,,222.49,NO-ESTIMATION,NO-ESTIMATION,NO-ESTIMATION,NO-ESTIMATION,CAPACITY-FACTOR-V1
ISR,Israel,Eliphaz ,WKS0061888,7.0,29.7920,35.0320,Solar,,,,,,Wiki-Solar,https://www.wiki-solar.org,Wiki-Solar,,,,,,,,,,,14.47,13.10,13.66,12.94,13.43,SOLAR-V1-NO-AGE,SOLAR-V1-NO-AGE,SOLAR-V1-NO-AGE,SOLAR-V1-NO-AGE,SOLAR-V1-NO-AGE
ISR,Israel,Eshkol,WRI1008360,1432.0,31.8388,34.6551,Gas,Oil,,,,Israel Electric corporation,Israel Electric Corporation,https://www.iec.co.il/en/ir/documents/stat2010.pdf,WRI,1019853,,,,,,,,,,,,,,9103.03,NO-ESTIMATION,NO-ESTIMATION,NO-ESTIMATION,NO-ESTIMATION,CAPACITY-FACTOR-V1
ISR,Israel,Gevulot Solar Power Plant,WRI1026456,8.5,31.2050,34.4616,Solar,,,,2014.0,Belectric GmbH,Belectric,http://www.belectric.com/en/solar-power-plants/projects/,WRI,,,,,,,,,,,,,16.97,16.97,16.65,NO-ESTIMATION,NO-ESTIMATION,SOLAR-V1,SOLAR-V1,SOLAR-V1
ISR,Israel,Gezer,WRI1008366,744.0,31.9153,34.9188,Gas,,,,2007.0,Israel Electric corporation,Israel Electric Corporation,https://web.archive.org/web/20131204103746/http:/www.israel-electric.co.il/bin/ibp.jsp?ibpDispWhat=zone&ibpDisplay=view&ibpPage=ENGProjects&ibpDispWho=Gezer&ibpZone=Gezer&,GEODB,1019855,,,,,,,,,,,,,,4729.51,NO-ESTIMATION,NO-ESTIMATION,NO-ESTIMATION,NO-ESTIMATION,CAPACITY-FACTOR-V1
ISR,Israel,Grofit ,WKS0061889,6.3,29.9358,35.0667,Solar,,,,,,Wiki-Solar,https://www.wiki-solar.org,Wiki-Solar,,,,,,,,,,,11.70,11.92,12.32,12.20,12.18,SOLAR-V1-NO-AGE,SOLAR-V1-NO-AGE,SOLAR-V1-NO-AGE,SOLAR-V1-NO-AGE,SOLAR-V1-NO-AGE
ISR,Israel,Hagit,WRI1008370,1255.0,32.6172,35.0431,Gas,,,,,Israel Electric corporation,Israel Electric Corporation,https://web.archive.org/web/20131204103107/http:/www.israel-electric.co.il/bin/ibp.jsp?ibpDispWhat=zone&ibpDisplay=view&ibpPage=ENGProjects&ibpDispWho=Hagit&ibpZone=Hagit&,GEODB,1019856,,,,,,,,,,,,,,7977.87,NO-ESTIMATION,NO-ESTIMATION,NO-ESTIMATION,NO-ESTIMATION,CAPACITY-FACTOR-V1
ISR,Israel,Haifa,WRI1008358,282.0,32.8118,35.0232,Gas,Oil,,,1961.0,Israel Electric corporation,Israel Electric Corporation,https://www.iec.co.il/international/main.html#!/contents/67,GEODB,,,,,,,,,,,,,,,1792.63,NO-ESTIMATION,NO-ESTIMATION,NO-ESTIMATION,NO-ESTIMATION,CAPACITY-FACTOR-V1
ISR,Israel,Haifa (CCGT),WRI1008368,720.0,32.6172,35.0431,Gas,,,,2010.0,Israel Electric corporation,Israel Electric Corporation,https://www.iec.co.il/international/main.html#!/contents/67,GEODB,,,,,,,,,,,,,,,4576.94,NO-ESTIMATION,NO-ESTIMATION,NO-ESTIMATION,NO-ESTIMATION,CAPACITY-FACTOR-V1
ISR,Israel,Haluziot,WRI1061486,55.0,31.1685,34.5469,Solar,,,,2015.0,Israel Electric corporation,PV Tech,https://www.pv-tech.org/news/grupo_clavijo_installing_single_axis_tracker_to_55mw_israel_project,WRI,1089411,,,,,,,,,,,,,123.65,120.86,NO-ESTIMATION,NO-ESTIMATION,NO-ESTIMATION,SOLAR-V1,SOLAR-V1
ISR,Israel,Hazerim ,WKS0061895,6.0,31.2475,34.7099,Solar,,,,,,Wiki-Solar,https://www.wiki-solar.org,Wiki-Solar,,,,,,,,,,,11.41,11.37,11.64,11.17,11.54,SOLAR-V1-NO-AGE,SOLAR-V1-NO-AGE,SOLAR-V1-NO-AGE,SOLAR-V1-NO-AGE,SOLAR-V1-NO-AGE
ISR,Israel,Hazeva,WRI1061487,4.5,30.8069,35.2466,Solar,,,,,Eren Group,Eren Group,http://eren-groupe.com/en/realisation-eren/hazeva/,WRI,,,,,,,,,,,8.18,8.10,8.37,8.11,8.22,SOLAR-V1-NO-AGE,SOLAR-V1-NO-AGE,SOLAR-V1-NO-AGE,SOLAR-V1-NO-AGE,SOLAR-V1-NO-AGE
ISR,Israel,Kerem Shalom,WKS0061881,6.3,31.2264,34.2882,Solar,,,,,,Wiki-Solar,https://www.wiki-solar.org,Wiki-Solar,,,,,,,,,,,11.63,12.06,11.83,12.04,11.85,SOLAR-V1-NO-AGE,SOLAR-V1-NO-AGE,SOLAR-V1-NO-AGE,SOLAR-V1-NO-AGE,SOLAR-V1-NO-AGE
ISR,Israel,Ketura Sun,WKS0061084,4.9,29.9630,35.0590,Solar,,,,,,Wiki-Solar,https://www.wiki-solar.org,Wiki-Solar,,,,,,,,,,,9.25,9.53,9.64,9.52,9.53,SOLAR-V1-NO-AGE,SOLAR-V1-NO-AGE,SOLAR-V1-NO-AGE,SOLAR-V1-NO-AGE,SOLAR-V1-NO-AGE
ISR,Israel,Kibbutz Ketura,WRI1061488,40.0,29.9647,35.0595,Solar,,,,2015.0,Israel Electric corporation,PV Magazine,https://www.energymatters.com.au/renewable-news/ketura-solar-farm-em4960/,WRI,1072662,,,,,,,,,,,,,88.56,88.32,NO-ESTIMATION,NO-ESTIMATION,NO-ESTIMATION,SOLAR-V1,SOLAR-V1
ISR,Israel,Lahav,WRI1026462,3.2,31.3764,34.8691,Solar,,,,2014.0,Belectric GmbH,Belectric,http://www.belectric.com/en/solar-power-plants/projects/,,,,,,,,,,,,,,6.95,6.95,6.72,NO-ESTIMATION,NO-ESTIMATION,SOLAR-V1,SOLAR-V1,SOLAR-V1
ISR,Israel,Maslul ,WKS0061890,8.9,31.3180,34.5700,Solar,,,,,,Wiki-Solar,https://www.wiki-solar.org,Wiki-Solar,,,,,,,,,,,18.96,19.58,17.70,19.63,18.41,SOLAR-V1-NO-AGE,SOLAR-V1-NO-AGE,SOLAR-V1-NO-AGE,SOLAR-V1-NO-AGE,SOLAR-V1-NO-AGE
ISR,Israel,Meitar A,WKS0072212,6.0,31.3290,34.9186,Solar,,,,,,Wiki-Solar,https://www.wiki-solar.org,Wiki-Solar,,,,,,,,,,,11.57,11.72,11.99,11.65,11.56,SOLAR-V1-NO-AGE,SOLAR-V1-NO-AGE,SOLAR-V1-NO-AGE,SOLAR-V1-NO-AGE,SOLAR-V1-NO-AGE
ISR,Israel,Meitarim,WRI1026463,5.0,31.3663,35.0046,Solar,,,,2015.0,Energix Renewable Energies Limited,Energix,http://www.energix-group.com/Meitarim/,WRI,,,,,,,,,,,,,,10.77,10.70,NO-ESTIMATION,NO-ESTIMATION,NO-ESTIMATION,SOLAR-V1,SOLAR-V1
ISR,Israel,Metzukei Timna ,WKS0061894,6.0,29.7598,34.9816,Solar,,,,,,Wiki-Solar,https://www.wiki-solar.org,Wiki-Solar,,,,,,,,,,,12.35,11.59,11.76,11.18,11.50,SOLAR-V1-NO-AGE,SOLAR-V1-NO-AGE,SOLAR-V1-NO-AGE,SOLAR-V1-NO-AGE,SOLAR-V1-NO-AGE
ISR,Israel,Mishmar HaNegev,WKS0061884,7.8,31.3710,34.7160,Solar,,,,,,Wiki-Solar,https://www.wiki-solar.org,Wiki-Solar,,,,,,,,,,,15.64,15.84,14.74,16.02,15.48,SOLAR-V1-NO-AGE,SOLAR-V1-NO-AGE,SOLAR-V1-NO-AGE,SOLAR-V1-NO-AGE,SOLAR-V1-NO-AGE
ISR,Israel,Mitzpe Ramon,WKS0065678,7.0,30.6300,34.8150,Solar,,,,,,Wiki-Solar,https://www.wiki-solar.org,Wiki-Solar,,,,,,,,,,,13.38,12.97,12.56,12.90,12.87,SOLAR-V1-NO-AGE,SOLAR-V1-NO-AGE,SOLAR-V1-NO-AGE,SOLAR-V1-NO-AGE,SOLAR-V1-NO-AGE
ISR,Israel,Mivtahim,WKS0062487,10.0,31.2240,34.4010,Solar,,,,,,Wiki-Solar,https://www.wiki-solar.org,Wiki-Solar,,,,,,,,,,,17.04,17.45,17.60,17.76,17.34,SOLAR-V1-NO-AGE,SOLAR-V1-NO-AGE,SOLAR-V1-NO-AGE,SOLAR-V1-NO-AGE,SOLAR-V1-NO-AGE
ISR,Israel,Mount Gilboa,WRI1061482,21.0,32.4664,35.4256,Wind,,,,2017.0,Israel Electric corporation,Ynet News,https://www.ynetnews.com/articles/0 7340 L-4702563 00.html,WRI,1062009,,,,,,,,,,,,,,49.53,NO-ESTIMATION,NO-ESTIMATION,NO-ESTIMATION,NO-ESTIMATION,CAPACITY-FACTOR-V1
ISR,Israel,Nahal Oz,WKS0065677,6.0,31.4690,34.4930,Solar,,,,,,Wiki-Solar,https://www.wiki-solar.org,Wiki-Solar,,,,,,,,,,,13.66,13.63,13.44,13.54,13.64,SOLAR-V1-NO-AGE,SOLAR-V1-NO-AGE,SOLAR-V1-NO-AGE,SOLAR-V1-NO-AGE,SOLAR-V1-NO-AGE
ISR,Israel,Neot Semadar Solar Power Plant,WRI1026457,7.9,30.0492,35.0470,Solar,,,,2014.0,Belectric GmbH,Belectric,http://www.belectric.com/en/solar-power-plants/projects/,WRI,,,,,,,,,,,,,16.25,15.67,15.58,NO-ESTIMATION,NO-ESTIMATION,SOLAR-V1,SOLAR-V1,SOLAR-V1
ISR,Israel,Nesher Ramla,WRI1061490,220.0,31.9138,34.8912,Gas,,,,2015.0,Nesher Israel Cement Enterprises,Aviram Architects,http://aviram-arc.com/en/portfolio/nesher-cement-plant-power-station-ramla/,WRI,,,,,,,,,,,,,,,1398.51,NO-ESTIMATION,NO-ESTIMATION,NO-ESTIMATION,NO-ESTIMATION,CAPACITY-FACTOR-V1
ISR,Israel,Nevatim,WKS0061152,18.0,31.2240,34.8680,Solar,,,,,,Wiki-Solar,https://www.wiki-solar.org,Wiki-Solar,,,,,,,,,,,38.03,38.09,38.32,37.92,38.31,SOLAR-V1-NO-AGE,SOLAR-V1-NO-AGE,SOLAR-V1-NO-AGE,SOLAR-V1-NO-AGE,SOLAR-V1-NO-AGE
ISR,Israel,Nevatim 3,WKS0069891,18.0,31.2250,34.8650,Solar,,,,,,Wiki-Solar,https://www.wiki-solar.org,Wiki-Solar,,,,,,,,,,,38.16,38.09,38.32,37.99,38.31,SOLAR-V1-NO-AGE,SOLAR-V1-NO-AGE,SOLAR-V1-NO-AGE,SOLAR-V1-NO-AGE,SOLAR-V1-NO-AGE
ISR,Israel,Orot Rabin,WRI1008361,2590.0,32.4700,34.8880,Coal,,,,,Israel Electric corporation,Israel Electric Corporation,https://www.iec.co.il/en/ir/documents/stat2010.pdf,GEODB,1019862,,,,,,,,,,,,,,11668.74,NO-ESTIMATION,NO-ESTIMATION,NO-ESTIMATION,NO-ESTIMATION,CAPACITY-FACTOR-V1
ISR,Israel,Ramat Hovav,WRI1008364,1067.0,31.1536,34.8146,Gas,,,,,Israel Electric corporation,Israel Electric Corporation,https://web.archive.org/web/20131204104927/http:/www.israel-electric.co.il/bin/ibp.jsp?ibpDispWhat=zone&ibpDisplay=view&ibpPage=ENGProjects&ibpDispWho=Tzafit&ibpZone=Tzafit&,GEODB,1019864,,,,,,,,,,,,,,6782.78,NO-ESTIMATION,NO-ESTIMATION,NO-ESTIMATION,NO-ESTIMATION,CAPACITY-FACTOR-V1
ISR,Israel,Ramat Hovav Solar Power Plant,WRI1026458,37.5,31.1450,34.7553,Solar,,,,2014.0,Energix Renewable Energies Limited,Energix,http://www.energix-group.com/Energix-Neot-Hovav/,WRI,,,,,,,,,,,,,83.49,83.03,83.27,NO-ESTIMATION,NO-ESTIMATION,SOLAR-V1,SOLAR-V1,SOLAR-V1
ISR,Israel,Ramat Negev Energy,WRI1061489,120.0,31.1498,34.7895,Gas,,,,2015.0,Edeltech,Edeltech,http://www.edeltech.co.il/en/?page_id=76,WRI,1069522,,,,,,,,,,,,,,762.82,NO-ESTIMATION,NO-ESTIMATION,NO-ESTIMATION,NO-ESTIMATION,CAPACITY-FACTOR-V1
ISR,Israel,Reading,WRI1008359,428.0,32.1049,34.7785,Gas,Oil,,,1970.0,Israel Electric corporation,Israel Electric Corporation,https://www.iec.co.il/en/ir/documents/stat2010.pdf,GEODB,1019865,,,,,,,,,,,,,,2720.74,NO-ESTIMATION,NO-ESTIMATION,NO-ESTIMATION,NO-ESTIMATION,CAPACITY-FACTOR-V1
ISR,Israel,Rutenberg,WRI1008362,2250.0,31.6299,34.5216,Coal,,,,,Israel Electric corporation,Israel Electric Corporation,https://www.iec.co.il/en/ir/documents/stat2010.pdf,GEODB,1019866,,,,,,,,,,,,,,10136.93,NO-ESTIMATION,NO-ESTIMATION,NO-ESTIMATION,NO-ESTIMATION,CAPACITY-FACTOR-V1
ISR,Israel,Samar,WKS0063781,10.9,29.8300,35.0150,Solar,,,,,,Wiki-Solar,https://www.wiki-solar.org,Wiki-Solar,,,,,,,,,,,22.87,21.76,22.69,22.52,22.75,SOLAR-V1-NO-AGE,SOLAR-V1-NO-AGE,SOLAR-V1-NO-AGE,SOLAR-V1-NO-AGE,SOLAR-V1-NO-AGE
ISR,Israel,Sde Boker,WKS0061902,5.0,30.8739,34.8058,Solar,,,,,,Wiki-Solar,https://www.wiki-solar.org,Wiki-Solar,,,,,,,,,,,9.71,9.69,9.66,9.56,9.76,SOLAR-V1-NO-AGE,SOLAR-V1-NO-AGE,SOLAR-V1-NO-AGE,SOLAR-V1-NO-AGE,SOLAR-V1-NO-AGE
ISR,Israel,Shoval ,WKS0061891,6.3,31.4089,34.7357,Solar,,,,,,Wiki-Solar,https://www.wiki-solar.org,Wiki-Solar,,,,,,,,,,,12.99,12.89,12.07,13.06,12.66,SOLAR-V1-NO-AGE,SOLAR-V1-NO-AGE,SOLAR-V1-NO-AGE,SOLAR-V1-NO-AGE,SOLAR-V1-NO-AGE
ISR,Israel,Sirin Afcon,WRI1061483,21.0,32.6467,35.5232,Wind,,,,2017.0,Israel Electric corporation,Ynet News,https://www.ynetnews.com/articles/0 7340 L-4702563 00.html,WRI,1019870,,,,,,,,,,,,,,49.53,NO-ESTIMATION,NO-ESTIMATION,NO-ESTIMATION,NO-ESTIMATION,CAPACITY-FACTOR-V1
ISR,Israel,Sorek,WRI1061480,140.0,31.9367,34.7118,Gas,,,,2016.0,IDE Technologies,Globes,http://www.globes.co.il/en/article-sorek-power-plant-starts-operating-1001139055,WRI,,,,,,,,,,,,,,,889.96,NO-ESTIMATION,NO-ESTIMATION,NO-ESTIMATION,NO-ESTIMATION,CAPACITY-FACTOR-V1
ISR,Israel,Talmei Bilu Solar Power Plant,WRI1026459,10.0,31.4262,34.6401,Solar,,,,2013.0,Belectric GmbH,Belectric,http://www.belectric.com/en/solar-power-plants/projects/,WRI,,,,,,,,,,,,22.70,20.93,22.07,22.04,NO-ESTIMATION,SOLAR-V1,SOLAR-V1,SOLAR-V1,SOLAR-V1
ISR,Israel,Talmei Elihayu Solar Power Plant,WRI1026460,10.0,31.2152,34.4531,Solar,,,,2013.0,Belectric GmbH,Belectric,http://www.belectric.com/en/solar-power-plants/projects/,WRI,,,,,,,,,,,,18.91,19.41,19.35,18.94,NO-ESTIMATION,SOLAR-V1,SOLAR-V1,SOLAR-V1,SOLAR-V1
ISR,Israel,Talmei Yosef Solar Power Plant,WRI1026461,9.0,31.1922,34.3682,Solar,,,,2014.0,Belectric GmbH,Belectric,http://www.belectric.com/en/solar-power-plants/projects/,WRI,,,,,,,,,,,,,18.12,17.97,17.63,NO-ESTIMATION,NO-ESTIMATION,SOLAR-V1,SOLAR-V1,SOLAR-V1
ISR,Israel,Tsukim,WKS0068007,10.9,30.4850,35.1800,Solar,,,,,,Wiki-Solar,https://www.wiki-solar.org,Wiki-Solar,,,,,,,,,,,22.74,22.39,22.10,22.64,22.66,SOLAR-V1-NO-AGE,SOLAR-V1-NO-AGE,SOLAR-V1-NO-AGE,SOLAR-V1-NO-AGE,SOLAR-V1-NO-AGE
ISR,Israel,Tzafit,WRI1008365,355.0,31.7123,34.8423,Gas,,,,,Israel Electric corporation,Israel Electric Corporation,https://web.archive.org/web/20131204104927/http:/www.israel-electric.co.il/bin/ibp.jsp?ibpDispWhat=zone&ibpDisplay=view&ibpPage=ENGProjects&ibpDispWho=Tzafit&ibpZone=Tzafit&,GEODB,1019869,,,,,,,,,,,,,,2256.68,NO-ESTIMATION,NO-ESTIMATION,NO-ESTIMATION,NO-ESTIMATION,CAPACITY-FACTOR-V1
ISR,Israel,Tzafit (Dalia),WRI1061491,835.0,31.7148,34.8422,Gas,,,,2015.0,Dalia Power Energies,Power Technology,https://www.power-technology.com/projects/tzafit-gas-fired-power-plant/,WRI,1082187,,,,,,,,,,,,,,5307.98,NO-ESTIMATION,NO-ESTIMATION,NO-ESTIMATION,NO-ESTIMATION,CAPACITY-FACTOR-V1
ISR,Israel,Yotvata ,WKS0061887,6.7,29.9258,35.0667,Solar,,,,,,Wiki-Solar,https://www.wiki-solar.org,Wiki-Solar,,,,,,,,,,,12.44,12.73,13.09,12.94,12.96,SOLAR-V1-NO-AGE,SOLAR-V1-NO-AGE,SOLAR-V1-NO-AGE,SOLAR-V1-NO-AGE,SOLAR-V1-NO-AGE
ISR,Israel,Zmorot,WRI1061484,50.0,31.2468,34.7099,Solar,,,,2016.0,EDF,EDF,https://www.edf-energies-nouvelles.com/en/press/press-releases/edf-energies-nouvelles-commissions-the-zmorot-solar-power-plant-50-mwp-in-israel/,WRI,1112996,,,,,,,,,,,,,,110.40,NO-ESTIMATION,NO-ESTIMATION,NO-ESTIMATION,NO-ESTIMATION,SOLAR-V1
